"","발생일","일조시간","사고건수"
"1",2017-01-01,1.7,1.05797101449275
"2",2017-01-02,2.7,1
"3",2017-01-03,8.9,1.01149425287356
"4",2017-01-04,8.6,1.00877192982456
"5",2017-01-05,0,1.01980198019802
"6",2017-01-06,6,1.03225806451613
"7",2017-01-07,7,1.00980392156863
"8",2017-01-08,2.9,1.04347826086957
"9",2017-01-09,6.2,1.02150537634409
"10",2017-01-10,9.1,1.00990099009901
"11",2017-01-11,9.2,1.03361344537815
"12",2017-01-12,8.6,1
"13",2017-01-13,5.6,1.02631578947368
"14",2017-01-14,9.2,1.01818181818182
"15",2017-01-15,9.2,1.01923076923077
"16",2017-01-16,9.2,1.01550387596899
"17",2017-01-17,8.6,1.01136363636364
"18",2017-01-18,1.9,1
"19",2017-01-19,8.1,1
"20",2017-01-20,6,1
"21",2017-01-21,3.3,1.04210526315789
"22",2017-01-22,9.1,1
"23",2017-01-23,9.4,1.02857142857143
"24",2017-01-24,9.4,1.01754385964912
"25",2017-01-25,9.5,1.00591715976331
"26",2017-01-26,5.7,1
"27",2017-01-27,9.2,1.01470588235294
"28",2017-01-28,7.8,1.04081632653061
"29",2017-01-29,0,1.04081632653061
"30",2017-01-30,8.7,1.02631578947368
"31",2017-01-31,8.2,1.01282051282051
"32",2017-02-01,9.5,1
"33",2017-02-02,9.6,1.02439024390244
"34",2017-02-03,9.2,1.03030303030303
"35",2017-02-04,1,1.03409090909091
"36",2017-02-05,0,1.07042253521127
"37",2017-02-06,9.8,1.02247191011236
"38",2017-02-07,4.1,1.02564102564103
"39",2017-02-08,1.2,1
"40",2017-02-09,8.8,1
"41",2017-02-10,9.6,1.02702702702703
"42",2017-02-11,9.7,1.02857142857143
"43",2017-02-12,9.8,1.01123595505618
"44",2017-02-13,6.4,1
"45",2017-02-14,9.8,1
"46",2017-02-15,8.9,1.01010101010101
"47",2017-02-16,2.1,1
"48",2017-02-17,9.5,1.03174603174603
"49",2017-02-18,10,1.01680672268908
"50",2017-02-19,1.2,1
"51",2017-02-20,9.9,1
"52",2017-02-21,9.9,1
"53",2017-02-22,0,1.02247191011236
"54",2017-02-23,10.2,1.00990099009901
"55",2017-02-24,9,1.01030927835052
"56",2017-02-25,10.1,1
"57",2017-02-26,10.3,1.01388888888889
"58",2017-02-27,10.6,1.02298850574713
"59",2017-02-28,9.8,1.01
"60",2017-03-01,1.2,1.02912621359223
"61",2017-03-02,9.7,1
"62",2017-03-03,10.5,1.02884615384615
"63",2017-03-04,10.7,1.01941747572816
"64",2017-03-05,6.2,1.01315789473684
"65",2017-03-06,10.9,1.02061855670103
"66",2017-03-07,10.9,1.02298850574713
"67",2017-03-08,8.1,1.03921568627451
"68",2017-03-09,10.5,1
"69",2017-03-10,10.9,1.02608695652174
"70",2017-03-11,11,1.02631578947368
"71",2017-03-12,2.3,1.02469135802469
"72",2017-03-13,10.3,1.02803738317757
"73",2017-03-14,11.2,1.03030303030303
"74",2017-03-15,11.2,1.01754385964912
"75",2017-03-16,10.8,1.01098901098901
"76",2017-03-17,10.9,1
"77",2017-03-18,9.2,1
"78",2017-03-19,10.9,1
"79",2017-03-20,0,1.02247191011236
"80",2017-03-21,9.2,1.02272727272727
"81",2017-03-22,10.3,1
"82",2017-03-23,8.6,1.00900900900901
"83",2017-03-24,7.9,1.02830188679245
"84",2017-03-25,5.9,1.01219512195122
"85",2017-03-26,5.4,1.01369863013699
"86",2017-03-27,3.5,1.02061855670103
"87",2017-03-28,6.9,1.02040816326531
"88",2017-03-29,10.8,1.00943396226415
"89",2017-03-30,9.1,1
"90",2017-03-31,0.2,1.00917431192661
"91",2017-04-01,10.3,1.03191489361702
"92",2017-04-02,11.6,1.02298850574713
"93",2017-04-03,11.7,1
"94",2017-04-04,10.9,1
"95",2017-04-05,0,1.05737704918033
"96",2017-04-06,0.3,1.0377358490566
"97",2017-04-07,9,1.02803738317757
"98",2017-04-08,6.9,1.02173913043478
"99",2017-04-09,6.7,1.02272727272727
"100",2017-04-10,11.7,1
"101",2017-04-11,9,1
"102",2017-04-12,11.2,1.01980198019802
"103",2017-04-13,9.4,1.02857142857143
"104",2017-04-14,4.6,1
"105",2017-04-15,9.8,1.04716981132075
"106",2017-04-16,6.5,1.01098901098901
"107",2017-04-17,0.7,1.03448275862069
"108",2017-04-18,2.7,1.00909090909091
"109",2017-04-19,12.3,1.04385964912281
"110",2017-04-20,2.6,1.01190476190476
"111",2017-04-21,8.5,1.02479338842975
"112",2017-04-22,12.4,1.00869565217391
"113",2017-04-23,12.6,1
"114",2017-04-24,12.1,1.02727272727273
"115",2017-04-25,4.7,1.01136363636364
"116",2017-04-26,12.6,1.02439024390244
"117",2017-04-27,12.8,1.00925925925926
"118",2017-04-28,12.2,1
"119",2017-04-29,12.5,1
"120",2017-04-30,11.4,1.01408450704225
"121",2017-05-01,11.9,1
"122",2017-05-02,8.7,1.01923076923077
"123",2017-05-03,12.6,1
"124",2017-05-04,8,1.00925925925926
"125",2017-05-05,11.6,1.03030303030303
"126",2017-05-06,12.4,1.01136363636364
"127",2017-05-07,12.6,1
"128",2017-05-08,6.1,1.00884955752212
"129",2017-05-09,1.3,1.01204819277108
"130",2017-05-10,7,1.03191489361702
"131",2017-05-11,5.3,1.01063829787234
"132",2017-05-12,0,1.02173913043478
"133",2017-05-13,2.2,1.03478260869565
"134",2017-05-14,13.1,1.01234567901235
"135",2017-05-15,8.1,1.02150537634409
"136",2017-05-16,9.6,1.00980392156863
"137",2017-05-17,13.2,1.01941747572816
"138",2017-05-18,12.9,1.01626016260163
"139",2017-05-19,13.3,1.01550387596899
"140",2017-05-20,13,1.008
"141",2017-05-21,11.9,1.00877192982456
"142",2017-05-22,11.8,1.01834862385321
"143",2017-05-23,2.4,1.01515151515152
"144",2017-05-24,12.7,1.00806451612903
"145",2017-05-25,12.8,1.02020202020202
"146",2017-05-26,11.3,1.02189781021898
"147",2017-05-27,13.5,1.00735294117647
"148",2017-05-28,11.2,1.05154639175258
"149",2017-05-29,9.7,1.00970873786408
"150",2017-05-30,11.1,1.00943396226415
"151",2017-05-31,10.2,1.04210526315789
"152",2017-06-01,10.6,1.02040816326531
"153",2017-06-02,12.2,1.03636363636364
"154",2017-06-03,13.5,1.02654867256637
"155",2017-06-04,13.6,1.01052631578947
"156",2017-06-05,12.9,1
"157",2017-06-06,0,1.03296703296703
"158",2017-06-07,0.2,1.01980198019802
"159",2017-06-08,11.8,1.0188679245283
"160",2017-06-09,7.4,1.0188679245283
"161",2017-06-10,9.8,1.03809523809524
"162",2017-06-11,13.7,1.01136363636364
"163",2017-06-12,12.2,1.02970297029703
"164",2017-06-13,10.3,1.00847457627119
"165",2017-06-14,11.9,1.01709401709402
"166",2017-06-15,11.4,1.04545454545455
"167",2017-06-16,11.9,1.00869565217391
"168",2017-06-17,12.7,1.00709219858156
"169",2017-06-18,13.2,1.04285714285714
"170",2017-06-19,11,1
"171",2017-06-20,7.9,1
"172",2017-06-21,11.1,1.02173913043478
"173",2017-06-22,10.8,1.00934579439252
"174",2017-06-23,12.9,1.03623188405797
"175",2017-06-24,0.8,1
"176",2017-06-25,4.6,1.01470588235294
"177",2017-06-26,4.9,1
"178",2017-06-27,7.8,1.00970873786408
"179",2017-06-28,6.9,1.02857142857143
"180",2017-06-29,9.5,1.01052631578947
"181",2017-06-30,7.7,1.01694915254237
"182",2017-07-01,3.4,1.032
"183",2017-07-02,0,1.02105263157895
"184",2017-07-03,2,1
"185",2017-07-04,9.4,1
"186",2017-07-05,7.8,1.00961538461538
"187",2017-07-06,8.3,1.00934579439252
"188",2017-07-07,1,1.01801801801802
"189",2017-07-08,0.1,1.01162790697674
"190",2017-07-09,1.6,1.04705882352941
"191",2017-07-10,0,1
"192",2017-07-11,5.6,1.02564102564103
"193",2017-07-12,7.7,1.00943396226415
"194",2017-07-13,9.2,1.0077519379845
"195",2017-07-14,6.6,1.00961538461538
"196",2017-07-15,0.5,1.02857142857143
"197",2017-07-16,0.9,1.02439024390244
"198",2017-07-17,0.3,1.00970873786408
"199",2017-07-18,4.3,1.03191489361702
"200",2017-07-19,7,1.00943396226415
"201",2017-07-20,10.3,1.02970297029703
"202",2017-07-21,2.1,1.00869565217391
"203",2017-07-22,2.3,1.00813008130081
"204",2017-07-23,0,1.02127659574468
"205",2017-07-24,0,1.02222222222222
"206",2017-07-25,10.7,1.04587155963303
"207",2017-07-26,11.4,1.01724137931034
"208",2017-07-27,1.2,1
"209",2017-07-28,0,1.05357142857143
"210",2017-07-29,2.5,1.03225806451613
"211",2017-07-30,6.9,1.01204819277108
"212",2017-07-31,0,1.01282051282051
"213",2017-08-01,8.8,1.01052631578947
"214",2017-08-02,3.9,1.00925925925926
"215",2017-08-03,10.4,1.04807692307692
"216",2017-08-04,11.8,1.00970873786408
"217",2017-08-05,9.4,1
"218",2017-08-06,3.7,1.01315789473684
"219",2017-08-07,10.7,1.03092783505155
"220",2017-08-08,5.6,1
"221",2017-08-09,4,1.016
"222",2017-08-10,0,1.0462962962963
"223",2017-08-11,7.3,1.02459016393443
"224",2017-08-12,9.6,1.03846153846154
"225",2017-08-13,1.4,1.02597402597403
"226",2017-08-14,0,1.0353982300885
"227",2017-08-15,0,1.03370786516854
"228",2017-08-16,1.6,1.01075268817204
"229",2017-08-17,1.8,1.02884615384615
"230",2017-08-18,5,1
"231",2017-08-19,1.2,1
"232",2017-08-20,0,1.04395604395604
"233",2017-08-21,5.2,1.00877192982456
"234",2017-08-22,9.5,1.01030927835052
"235",2017-08-23,2.4,1.04273504273504
"236",2017-08-24,0.8,1.0531914893617
"237",2017-08-25,8.5,1.02307692307692
"238",2017-08-26,12.5,1.03053435114504
"239",2017-08-27,3.3,1.01388888888889
"240",2017-08-28,1.3,1.02678571428571
"241",2017-08-29,11.3,1.02941176470588
"242",2017-08-30,3.4,1.03603603603604
"243",2017-08-31,11.8,1.01904761904762
"244",2017-09-01,12.4,1.03174603174603
"245",2017-09-02,10.7,1
"246",2017-09-03,8.5,1.02298850574713
"247",2017-09-04,8.8,1.01869158878505
"248",2017-09-05,0,1
"249",2017-09-06,0,1.00793650793651
"250",2017-09-07,7.6,1.03125
"251",2017-09-08,9.7,1.05172413793103
"252",2017-09-09,11.1,1.03636363636364
"253",2017-09-10,0,1.02298850574713
"254",2017-09-11,1.9,1.03157894736842
"255",2017-09-12,11.6,1.00952380952381
"256",2017-09-13,11.9,1.0353982300885
"257",2017-09-14,11.5,1
"258",2017-09-15,11.3,1.02678571428571
"259",2017-09-16,11,1.02521008403361
"260",2017-09-17,10,1
"261",2017-09-18,11.4,1.00854700854701
"262",2017-09-19,2.1,1.00892857142857
"263",2017-09-20,11.6,1.016
"264",2017-09-21,11.5,1.00877192982456
"265",2017-09-22,11,1.01724137931034
"266",2017-09-23,7.3,1.0327868852459
"267",2017-09-24,5.4,1.00900900900901
"268",2017-09-25,10.4,1.02678571428571
"269",2017-09-26,8.7,1.00840336134454
"270",2017-09-27,0,1.025
"271",2017-09-28,NA,1.01379310344828
"272",2017-09-29,10.5,1.00689655172414
"273",2017-09-30,5.8,1.02857142857143
"274",2017-10-01,0.6,1.01204819277108
"275",2017-10-02,10.2,1.02752293577982
"276",2017-10-03,6.7,1
"277",2017-10-04,8.5,1
"278",2017-10-05,6.4,1
"279",2017-10-06,4.6,1
"280",2017-10-07,6.2,1.05333333333333
"281",2017-10-08,10,1
"282",2017-10-09,6.5,1.01369863013699
"283",2017-10-10,1,1.02597402597403
"284",2017-10-11,1.9,1.00900900900901
"285",2017-10-12,NA,1.02631578947368
"286",2017-10-13,9.6,1.02255639097744
"287",2017-10-14,10.6,1.00934579439252
"288",2017-10-15,9.3,1.01030927835052
"289",2017-10-16,5.3,1.00961538461538
"290",2017-10-17,10.3,1.03636363636364
"291",2017-10-18,0.3,1.02702702702703
"292",2017-10-19,9.2,1.03333333333333
"293",2017-10-20,10.1,1.0390625
"294",2017-10-21,10.1,1.0062893081761
"295",2017-10-22,9.6,1.01980198019802
"296",2017-10-23,10.1,1.01612903225806
"297",2017-10-24,8.2,1.02272727272727
"298",2017-10-25,9.5,1.02479338842975
"299",2017-10-26,1.8,1
"300",2017-10-27,9.7,1.02877697841727
"301",2017-10-28,9.8,1.01459854014599
"302",2017-10-29,7.3,1.03157894736842
"303",2017-10-30,9.8,1.05217391304348
"304",2017-10-31,9.5,1.02678571428571
"305",2017-11-01,2,1.01869158878505
"306",2017-11-02,1.2,1.04123711340206
"307",2017-11-03,5.9,1.03030303030303
"308",2017-11-04,9.6,1.02307692307692
"309",2017-11-05,6.5,1.03703703703704
"310",2017-11-06,5.9,1.04807692307692
"311",2017-11-07,3.3,1.01869158878505
"312",2017-11-08,8,1.01785714285714
"313",2017-11-09,9.3,1.00990099009901
"314",2017-11-10,1.5,1.02752293577982
"315",2017-11-11,8.6,1.01652892561983
"316",2017-11-12,8.6,1
"317",2017-11-13,1.5,1
"318",2017-11-14,8.5,1
"319",2017-11-15,8.6,1.01769911504425
"320",2017-11-16,8.6,1.00917431192661
"321",2017-11-17,0,1.01587301587302
"322",2017-11-18,8.6,1
"323",2017-11-19,8,1.0125
"324",2017-11-20,NA,1.05309734513274
"325",2017-11-21,8.5,1.03260869565217
"326",2017-11-22,5.5,1.00900900900901
"327",2017-11-23,6.8,1
"328",2017-11-24,7.9,1.02189781021898
"329",2017-11-25,2.4,1.00819672131148
"330",2017-11-26,6.8,1.01538461538462
"331",2017-11-27,NA,1.02020202020202
"332",2017-11-28,3.4,1.01298701298701
"333",2017-11-29,8.4,1.02586206896552
"334",2017-11-30,NA,1.01680672268908
"335",2017-12-01,6.1,1.01739130434783
"336",2017-12-02,6.7,1.04464285714286
"337",2017-12-03,1.9,1.02739726027397
"338",2017-12-04,8.4,1.04854368932039
"339",2017-12-05,2.1,1.02083333333333
"340",2017-12-06,7.7,1.01612903225806
"341",2017-12-07,7.4,1.01754385964912
"342",2017-12-08,8.5,1.03361344537815
"343",2017-12-09,7.4,1.02272727272727
"344",2017-12-10,2.6,1.04081632653061
"345",2017-12-11,8.6,1
"346",2017-12-12,8.6,1.01176470588235
"347",2017-12-13,8.6,1.02272727272727
"348",2017-12-14,3.2,1.01111111111111
"349",2017-12-15,0.6,1.00819672131148
"350",2017-12-16,8.6,1.03968253968254
"351",2017-12-17,8.6,1
"352",2017-12-18,2.7,1.02409638554217
"353",2017-12-19,8.6,1.01010101010101
"354",2017-12-20,1.3,1.01136363636364
"355",2017-12-21,8.6,1.03846153846154
"356",2017-12-22,3.1,1.02459016393443
"357",2017-12-23,3.9,1.02362204724409
"358",2017-12-24,0,1
"359",2017-12-25,8.9,1
"360",2017-12-26,8.6,1.00909090909091
"361",2017-12-27,8.9,1.03296703296703
"362",2017-12-28,3.3,1
"363",2017-12-29,4.1,1.01709401709402
"364",2017-12-30,0,1
"365",2017-12-31,8.5,1.01408450704225
"366",2018-01-01,8.3,1.03076923076923
"367",2018-01-02,7.9,1
"368",2018-01-03,8.6,1.02857142857143
"369",2018-01-04,6.2,1
"370",2018-01-05,8.2,1
"371",2018-01-06,8.8,1.00909090909091
"372",2018-01-07,3.1,1.0188679245283
"373",2018-01-08,0.5,1
"374",2018-01-09,8.4,1
"375",2018-01-10,8.8,1.02097902097902
"376",2018-01-11,8.7,1.03076923076923
"377",2018-01-12,8.8,1.02614379084967
"378",2018-01-13,0.9,1.02307692307692
"379",2018-01-14,5.6,1.03370786516854
"380",2018-01-15,6.5,1.01739130434783
"381",2018-01-16,0.5,1.03
"382",2018-01-17,4.8,1.03731343283582
"383",2018-01-18,NA,1.04210526315789
"384",2018-01-19,8.7,1.0188679245283
"385",2018-01-20,5.3,1.01923076923077
"386",2018-01-21,8.2,1.02666666666667
"387",2018-01-22,0.7,1.01041666666667
"388",2018-01-23,9.1,1.00925925925926
"389",2018-01-24,8.9,1.01980198019802
"390",2018-01-25,8.3,1.01041666666667
"391",2018-01-26,NA,1.02608695652174
"392",2018-01-27,9,1.01149425287356
"393",2018-01-28,7.6,1.01369863013699
"394",2018-01-29,8.9,1.01010101010101
"395",2018-01-30,5.6,1.02678571428571
"396",2018-01-31,1.8,1.04424778761062
"397",2018-02-01,9.1,1.03053435114504
"398",2018-02-02,8.8,1.02777777777778
"399",2018-02-03,9.1,1.02721088435374
"400",2018-02-04,9.1,1.01724137931034
"401",2018-02-05,9.3,1.00892857142857
"402",2018-02-06,9,1.03389830508475
"403",2018-02-07,9.2,1.02877697841727
"404",2018-02-08,9.2,1.01282051282051
"405",2018-02-09,2.2,1.02189781021898
"406",2018-02-10,5.3,1.01075268817204
"407",2018-02-11,6.6,1.02702702702703
"408",2018-02-12,8.7,1.00813008130081
"409",2018-02-13,8.3,1.02222222222222
"410",2018-02-14,3.3,1.02068965517241
"411",2018-02-15,NA,1.02941176470588
"412",2018-02-16,9.7,1.01960784313725
"413",2018-02-17,9,1
"414",2018-02-18,7.2,1
"415",2018-02-19,4.8,1
"416",2018-02-20,8.3,1.03488372093023
"417",2018-02-21,9.8,1
"418",2018-02-22,6.4,1
"419",2018-02-23,4.8,1.01666666666667
"420",2018-02-24,7.6,1.01176470588235
"421",2018-02-25,9.2,1
"422",2018-02-26,10.2,1
"423",2018-02-27,0,1.02150537634409
"424",2018-02-28,0,1.01574803149606
"425",2018-03-01,8.7,1.02857142857143
"426",2018-03-02,10.3,1.04587155963303
"427",2018-03-03,10.1,1
"428",2018-03-04,0,1.01123595505618
"429",2018-03-05,7,1.01020408163265
"430",2018-03-06,10.6,1.03529411764706
"431",2018-03-07,3,1.01923076923077
"432",2018-03-08,5.1,1.01086956521739
"433",2018-03-09,5.1,1.03571428571429
"434",2018-03-10,7.9,1.02830188679245
"435",2018-03-11,9.8,1.01449275362319
"436",2018-03-12,7.5,1.02150537634409
"437",2018-03-13,6.6,1.02352941176471
"438",2018-03-14,7.9,1.01315789473684
"439",2018-03-15,0,1.01904761904762
"440",2018-03-16,11,1.02380952380952
"441",2018-03-17,9.1,1.02542372881356
"442",2018-03-18,0,1.01282051282051
"443",2018-03-19,0,1.03370786516854
"444",2018-03-20,5.4,1
"445",2018-03-21,0.4,1.03448275862069
"446",2018-03-22,10.7,1
"447",2018-03-23,8.7,1
"448",2018-03-24,7.2,1.04444444444444
"449",2018-03-25,9.5,1.03448275862069
"450",2018-03-26,9.1,1.02912621359223
"451",2018-03-27,7.9,1.04494382022472
"452",2018-03-28,5.2,1.00925925925926
"453",2018-03-29,7.5,1.00826446280992
"454",2018-03-30,9.9,1.01980198019802
"455",2018-03-31,7.9,1.00934579439252
"456",2018-04-01,1.3,1.02739726027397
"457",2018-04-02,5.6,1.00917431192661
"458",2018-04-03,0.8,1.01694915254237
"459",2018-04-04,8,1.00970873786408
"460",2018-04-05,0,1.01612903225806
"461",2018-04-06,4,1.02380952380952
"462",2018-04-07,9,1.04724409448819
"463",2018-04-08,3.3,1.03333333333333
"464",2018-04-09,9.5,1.00909090909091
"465",2018-04-10,6.3,1.02830188679245
"466",2018-04-11,11.8,1.0126582278481
"467",2018-04-12,12,1.02
"468",2018-04-13,2.7,1.00819672131148
"469",2018-04-14,0.3,1
"470",2018-04-15,8.6,1
"471",2018-04-16,12.3,1.04672897196262
"472",2018-04-17,12.2,1.00892857142857
"473",2018-04-18,12,1.00854700854701
"474",2018-04-19,11.4,1.01834862385321
"475",2018-04-20,11.3,1.01652892561983
"476",2018-04-21,12.4,1.01324503311258
"477",2018-04-22,0,1.03225806451613
"478",2018-04-23,0,1
"479",2018-04-24,0,1.02105263157895
"480",2018-04-25,12.4,1.01666666666667
"481",2018-04-26,11.7,1.02654867256637
"482",2018-04-27,11.3,1.00892857142857
"483",2018-04-28,12.4,1.03125
"484",2018-04-29,11.6,1
"485",2018-04-30,9.2,1.02
"486",2018-05-01,3.2,1
"487",2018-05-02,0,1.01980198019802
"488",2018-05-03,8.2,1.02459016393443
"489",2018-05-04,12.4,1.01801801801802
"490",2018-05-05,11,1.01020408163265
"491",2018-05-06,3.2,1.01282051282051
"492",2018-05-07,7.1,1.01234567901235
"493",2018-05-08,11.3,1.02678571428571
"494",2018-05-09,12.6,1.03968253968254
"495",2018-05-10,12.3,1.01652892561983
"496",2018-05-11,5.3,1.01739130434783
"497",2018-05-12,0,1
"498",2018-05-13,6.9,1.00909090909091
"499",2018-05-14,7.2,1
"500",2018-05-15,8.9,1.03260869565217
"501",2018-05-16,0,1.03125
"502",2018-05-17,0,1.03389830508475
"503",2018-05-18,0.4,1.00763358778626
"504",2018-05-19,12.7,1.05785123966942
"505",2018-05-20,4.2,1.03061224489796
"506",2018-05-21,8.8,1
"507",2018-05-22,2.7,1.01801801801802
"508",2018-05-23,12.7,1.02380952380952
"509",2018-05-24,12.5,1.00961538461538
"510",2018-05-25,12.1,1.02727272727273
"511",2018-05-26,12.6,1.032
"512",2018-05-27,4.7,1
"513",2018-05-28,12.5,1.03529411764706
"514",2018-05-29,3.4,1.04132231404959
"515",2018-05-30,9.8,1.03669724770642
"516",2018-05-31,12.9,1.01459854014599
"517",2018-06-01,12.9,1.01626016260163
"518",2018-06-02,12.8,1.00806451612903
"519",2018-06-03,12.9,1
"520",2018-06-04,9.2,1.02564102564103
"521",2018-06-05,11.4,1.00833333333333
"522",2018-06-06,12.7,1.00934579439252
"523",2018-06-07,9.4,1
"524",2018-06-08,7.1,1.01680672268908
"525",2018-06-09,7.9,1.04
"526",2018-06-10,1.4,1.03296703296703
"527",2018-06-11,3.3,1.00952380952381
"528",2018-06-12,12.1,1
"529",2018-06-13,4.9,1.02469135802469
"530",2018-06-14,1.4,1.0377358490566
"531",2018-06-15,9.8,1.01626016260163
"532",2018-06-16,13,1.01785714285714
"533",2018-06-17,2.4,1.015625
"534",2018-06-18,12.6,1.02884615384615
"535",2018-06-19,3.1,1.03921568627451
"536",2018-06-20,10.2,1.01010101010101
"537",2018-06-21,12.6,1.05714285714286
"538",2018-06-22,12.4,1.05369127516779
"539",2018-06-23,8.5,1.02608695652174
"540",2018-06-24,11.1,1.01492537313433
"541",2018-06-25,7.8,1.00909090909091
"542",2018-06-26,0,1.02439024390244
"543",2018-06-27,2.9,1.03370786516854
"544",2018-06-28,1.9,1.01626016260163
"545",2018-06-29,8.4,1.01834862385321
"546",2018-06-30,0.5,1.01149425287356
"547",2018-07-01,0,1.04444444444444
"548",2018-07-02,0.1,1.00900900900901
"549",2018-07-03,10.1,1
"550",2018-07-04,8.4,1.02857142857143
"551",2018-07-05,1.7,1
"552",2018-07-06,2.6,1
"553",2018-07-07,NA,1.01801801801802
"554",2018-07-08,9.5,1
"555",2018-07-09,0,1.04395604395604
"556",2018-07-10,0,1.02083333333333
"557",2018-07-11,0.1,1.03370786516854
"558",2018-07-12,1.1,1.01652892561983
"559",2018-07-13,7,1.04040404040404
"560",2018-07-14,11.3,1.02061855670103
"561",2018-07-15,11,1.01219512195122
"562",2018-07-16,12.9,1.04032258064516
"563",2018-07-17,13,1.01754385964912
"564",2018-07-18,13,1.03
"565",2018-07-19,12.9,1.02803738317757
"566",2018-07-20,12.9,1.02739726027397
"567",2018-07-21,12.9,1.01960784313725
"568",2018-07-22,12.2,1.04651162790698
"569",2018-07-23,8,1.02752293577982
"570",2018-07-24,10.2,1.02752293577982
"571",2018-07-25,5.2,1.01851851851852
"572",2018-07-26,4.4,1.00925925925926
"573",2018-07-27,9.3,1.04166666666667
"574",2018-07-28,3.4,1.04081632653061
"575",2018-07-29,12.3,1
"576",2018-07-30,11,1.02631578947368
"577",2018-07-31,12,1.02857142857143
"578",2018-08-01,12.6,1.01739130434783
"579",2018-08-02,9.8,1.00862068965517
"580",2018-08-03,10.5,1.04210526315789
"581",2018-08-04,12.1,1
"582",2018-08-05,10.1,1
"583",2018-08-06,7.3,1.0125
"584",2018-08-07,8.5,1
"585",2018-08-08,10.8,1.02040816326531
"586",2018-08-09,2.6,1.03361344537815
"587",2018-08-10,11.4,1.02884615384615
"588",2018-08-11,11.5,1.02150537634409
"589",2018-08-12,8.4,1.01333333333333
"590",2018-08-13,6.3,1.06593406593407
"591",2018-08-14,9.5,1.00854700854701
"592",2018-08-15,9.5,1.01075268817204
"593",2018-08-16,11,1.01904761904762
"594",2018-08-17,12.4,1.01515151515152
"595",2018-08-18,10.9,1.00970873786408
"596",2018-08-19,7.9,1.01111111111111
"597",2018-08-20,6,1.03
"598",2018-08-21,6.8,1.01769911504425
"599",2018-08-22,10.5,1.00787401574803
"600",2018-08-23,1.7,1.0188679245283
"601",2018-08-24,0,1.02150537634409
"602",2018-08-25,7.2,1.01769911504425
"603",2018-08-26,5.1,1
"604",2018-08-27,0,1.02564102564103
"605",2018-08-28,0,1.01709401709402
"606",2018-08-29,0.1,1.04040404040404
"607",2018-08-30,1.9,1.01234567901235
"608",2018-08-31,10.1,1.02654867256637
"609",2018-09-01,10.6,1.01941747572816
"610",2018-09-02,9.2,1.01190476190476
"611",2018-09-03,0,1.01
"612",2018-09-04,11,1.02884615384615
"613",2018-09-05,11.8,1.01612903225806
"614",2018-09-06,2.2,1
"615",2018-09-07,10.9,1.03389830508475
"616",2018-09-08,11.7,1.04918032786885
"617",2018-09-09,9.9,1
"618",2018-09-10,10.3,1.03787878787879
"619",2018-09-11,8.4,1.01834862385321
"620",2018-09-12,11.3,1.01724137931034
"621",2018-09-13,5,1.03571428571429
"622",2018-09-14,1.6,1
"623",2018-09-15,0.8,1.00877192982456
"624",2018-09-16,0,1.01123595505618
"625",2018-09-17,10.8,1.0188679245283
"626",2018-09-18,7.9,1.01769911504425
"627",2018-09-19,2.1,1.01538461538462
"628",2018-09-20,0,1.04166666666667
"629",2018-09-21,0.6,1.01626016260163
"630",2018-09-22,10.8,1.02586206896552
"631",2018-09-23,7.4,1
"632",2018-09-24,11,1.01612903225806
"633",2018-09-25,10,1.03571428571429
"634",2018-09-26,8.4,1.0327868852459
"635",2018-09-27,10.3,1.03030303030303
"636",2018-09-28,3.5,1.02777777777778
"637",2018-09-29,10.8,1.05405405405405
"638",2018-09-30,10.4,1
"639",2018-10-01,7.9,1.01063829787234
"640",2018-10-02,10.8,1.016
"641",2018-10-03,10.6,1.01030927835052
"642",2018-10-04,8.9,1.00833333333333
"643",2018-10-05,0,1.05263157894737
"644",2018-10-06,3,1.03968253968254
"645",2018-10-07,10.5,1.03
"646",2018-10-08,10.5,1.00892857142857
"647",2018-10-09,2.3,1.01149425287356
"648",2018-10-10,6.5,1
"649",2018-10-11,9.3,1.04081632653061
"650",2018-10-12,10.1,1.04504504504505
"651",2018-10-13,10,1.02083333333333
"652",2018-10-14,9.9,1.02247191011236
"653",2018-10-15,6.8,1.01136363636364
"654",2018-10-16,8.2,1
"655",2018-10-17,10,1.01834862385321
"656",2018-10-18,8.1,1.03875968992248
"657",2018-10-19,9.9,1.0234375
"658",2018-10-20,9.7,1.05755395683453
"659",2018-10-21,9.6,1.00990099009901
"660",2018-10-22,7.6,1.03092783505155
"661",2018-10-23,5.3,1.00990099009901
"662",2018-10-24,9.6,1.025
"663",2018-10-25,8.7,1.03418803418803
"664",2018-10-26,2.4,1.02564102564103
"665",2018-10-27,8,1.00735294117647
"666",2018-10-28,2.8,1.03529411764706
"667",2018-10-29,6.5,1.00970873786408
"668",2018-10-30,9.1,1.02272727272727
"669",2018-10-31,9.3,1.00862068965517
"670",2018-11-01,9.2,1
"671",2018-11-02,9.2,1.03333333333333
"672",2018-11-03,9.1,1.05607476635514
"673",2018-11-04,9,1.03370786516854
"674",2018-11-05,7.9,1.01
"675",2018-11-06,4.1,1.02298850574713
"676",2018-11-07,0.5,1.03738317757009
"677",2018-11-08,0,1.02962962962963
"678",2018-11-09,6.5,1.01503759398496
"679",2018-11-10,8.1,1.00892857142857
"680",2018-11-11,1.4,1.01515151515152
"681",2018-11-12,8.9,1.01149425287356
"682",2018-11-13,8.8,1.00757575757576
"683",2018-11-14,8.7,1.01739130434783
"684",2018-11-15,7.8,1.03260869565217
"685",2018-11-16,5.2,1.03174603174603
"686",2018-11-17,5.2,1.02479338842975
"687",2018-11-18,2.4,1
"688",2018-11-19,5.8,1
"689",2018-11-20,8.8,1.00980392156863
"690",2018-11-21,0,1.01030927835052
"691",2018-11-22,8.6,1.02941176470588
"692",2018-11-23,8.6,1.01818181818182
"693",2018-11-24,1.6,1.02020202020202
"694",2018-11-25,6.9,1
"695",2018-11-26,8.6,1
"696",2018-11-27,1.1,1.01190476190476
"697",2018-11-28,6.8,1.01694915254237
"698",2018-11-29,0.2,1.01754385964912
"699",2018-11-30,8.6,1.03100775193798
"700",2018-12-01,7.8,1
"701",2018-12-02,2.7,1
"702",2018-12-03,0,1.01851851851852
"703",2018-12-04,2.1,1
"704",2018-12-05,3.1,1.02222222222222
"705",2018-12-06,6.2,1.04716981132075
"706",2018-12-07,8.7,1.0390625
"707",2018-12-08,8.7,1.01612903225806
"708",2018-12-09,7.8,1.01470588235294
"709",2018-12-10,8,1.02061855670103
"710",2018-12-11,0.1,1.03370786516854
"711",2018-12-12,8.7,1
"712",2018-12-13,4.8,1.00961538461538
"713",2018-12-14,8.7,1.00840336134454
"714",2018-12-15,8,1.0381679389313
"715",2018-12-16,1.1,1
"716",2018-12-17,8.3,1.04166666666667
"717",2018-12-18,7.2,1.01680672268908
"718",2018-12-19,7.8,1.02727272727273
"719",2018-12-20,7.5,1.03846153846154
"720",2018-12-21,3.2,1
"721",2018-12-22,7.8,1
"722",2018-12-23,8.3,1.01470588235294
"723",2018-12-24,8.8,1
"724",2018-12-25,3.1,1.015625
"725",2018-12-26,8.3,1.02469135802469
"726",2018-12-27,8.7,1.03883495145631
"727",2018-12-28,8.7,1
"728",2018-12-29,8.7,1.01219512195122
"729",2018-12-30,8.7,1
"730",2018-12-31,8.3,1.03061224489796
"731",2019-01-01,7.5,1
"732",2019-01-02,8.7,1.02173913043478
"733",2019-01-03,8.7,1.02083333333333
"734",2019-01-04,3.9,1.02197802197802
"735",2019-01-05,8.6,1.01204819277108
"736",2019-01-06,7.7,1.02040816326531
"737",2019-01-07,7,1.0379746835443
"738",2019-01-08,8.7,1.0188679245283
"739",2019-01-09,7.4,1.01075268817204
"740",2019-01-10,3.1,1.01041666666667
"741",2019-01-11,6.9,1.03883495145631
"742",2019-01-12,6,1.02247191011236
"743",2019-01-13,8.6,1.03076923076923
"744",2019-01-14,0.4,1.02083333333333
"745",2019-01-15,4.7,1.01111111111111
"746",2019-01-16,8.6,1.01075268817204
"747",2019-01-17,8.7,1
"748",2019-01-18,8.5,1.02020202020202
"749",2019-01-19,2.9,1.04878048780488
"750",2019-01-20,8.8,1.04545454545455
"751",2019-01-21,1,1
"752",2019-01-22,8.5,1.01020408163265
"753",2019-01-23,8.6,1.05434782608696
"754",2019-01-24,8.8,1.00934579439252
"755",2019-01-25,8.7,1.01612903225806
"756",2019-01-26,8.8,1.02083333333333
"757",2019-01-27,6.7,1.03174603174603
"758",2019-01-28,8.7,1
"759",2019-01-29,8.7,1.04166666666667
"760",2019-01-30,7.7,1.05714285714286
"761",2019-01-31,3.4,1.01052631578947
"762",2019-02-01,5.7,1.05882352941176
"763",2019-02-02,1.6,1
"764",2019-02-03,0,1
"765",2019-02-04,8.6,1
"766",2019-02-05,7.8,1
"767",2019-02-06,3.3,1
"768",2019-02-07,8.7,1.02325581395349
"769",2019-02-08,8.4,1.01162790697674
"770",2019-02-09,9.3,1
"771",2019-02-10,2.2,1.01724137931034
"772",2019-02-11,9.4,1
"773",2019-02-12,8.5,1.02272727272727
"774",2019-02-13,9.2,1.02
"775",2019-02-14,9.2,1.01739130434783
"776",2019-02-15,0,1.01694915254237
"777",2019-02-16,8.8,1.03157894736842
"778",2019-02-17,9.8,1
"779",2019-02-18,5.6,1.01052631578947
"780",2019-02-19,0.6,1.01298701298701
"781",2019-02-20,2.2,1.01176470588235
"782",2019-02-21,9.6,1.02
"783",2019-02-22,9.5,1.03738317757009
"784",2019-02-23,9.1,1.02803738317757
"785",2019-02-24,10,1.04347826086957
"786",2019-02-25,8,1.00980392156863
"787",2019-02-26,9.5,1.01098901098901
"788",2019-02-27,7.8,1
"789",2019-02-28,8.1,1.02020202020202
"790",2019-03-01,9.9,1.02597402597403
"791",2019-03-02,7.5,1.01298701298701
"792",2019-03-03,7.9,1.01639344262295
"793",2019-03-04,9.2,1
"794",2019-03-05,2.5,1
"795",2019-03-06,3,1.04545454545455
"796",2019-03-07,10.1,1.04901960784314
"797",2019-03-08,10.7,1.00833333333333
"798",2019-03-09,9.7,1.00900900900901
"799",2019-03-10,0.3,1
"800",2019-03-11,3.6,1.01075268817204
"801",2019-03-12,1.8,1.00990099009901
"802",2019-03-13,10.1,1.04424778761062
"803",2019-03-14,7,1.01
"804",2019-03-15,2.8,1.02238805970149
"805",2019-03-16,5,1.03
"806",2019-03-17,9.9,1
"807",2019-03-18,8.7,1
"808",2019-03-19,8.3,1.03225806451613
"809",2019-03-20,0,1.04237288135593
"810",2019-03-21,3.9,1.00980392156863
"811",2019-03-22,11.1,1.04395604395604
"812",2019-03-23,7.9,1.01639344262295
"813",2019-03-24,11.3,1.01063829787234
"814",2019-03-25,1.7,1.02352941176471
"815",2019-03-26,9.9,1.01030927835052
"816",2019-03-27,3.4,1.01351351351351
"817",2019-03-28,9.9,1.01
"818",2019-03-29,10.5,1.00826446280992
"819",2019-03-30,3,1.01709401709402
"820",2019-03-31,3.2,1
"821",2019-04-01,11.7,1.00862068965517
"822",2019-04-02,11.7,1.00854700854701
"823",2019-04-03,11.7,1.03030303030303
"824",2019-04-04,11.7,1
"825",2019-04-05,9.3,1
"826",2019-04-06,0.5,1.04040404040404
"827",2019-04-07,11.4,1.04081632653061
"828",2019-04-08,10.9,1.00970873786408
"829",2019-04-09,0.8,1.00877192982456
"830",2019-04-10,1.1,1.01587301587302
"831",2019-04-11,9.8,1.00952380952381
"832",2019-04-12,11.4,1.00990099009901
"833",2019-04-13,10.8,1.01550387596899
"834",2019-04-14,5,1
"835",2019-04-15,12.1,1.00909090909091
"836",2019-04-16,11.5,1.01851851851852
"837",2019-04-17,12.2,1.01904761904762
"838",2019-04-18,1.5,1.01111111111111
"839",2019-04-19,5.9,1.02380952380952
"840",2019-04-20,5,1.07142857142857
"841",2019-04-21,4.1,1
"842",2019-04-22,11.1,1.03960396039604
"843",2019-04-23,4.2,1
"844",2019-04-24,8,1.02912621359223
"845",2019-04-25,0,1.05714285714286
"846",2019-04-26,0,1.00840336134454
"847",2019-04-27,10.3,1.01052631578947
"848",2019-04-28,3.4,1.01315789473684
"849",2019-04-29,3.3,1.01162790697674
"850",2019-04-30,11.2,1.00943396226415
"851",2019-05-01,10.9,1.01098901098901
"852",2019-05-02,12.7,1.024
"853",2019-05-03,12.4,1.02608695652174
"854",2019-05-04,10.7,1.00990099009901
"855",2019-05-05,11.1,1.03370786516854
"856",2019-05-06,12.8,1.01190476190476
"857",2019-05-07,12.9,1.00892857142857
"858",2019-05-08,12.2,1.01010101010101
"859",2019-05-09,12.1,1.03260869565217
"860",2019-05-10,12.3,1.01680672268908
"861",2019-05-11,12.7,1.00847457627119
"862",2019-05-12,12,1.01136363636364
"863",2019-05-13,1,1.02020202020202
"864",2019-05-14,13,1.02727272727273
"865",2019-05-15,8.4,1.01052631578947
"866",2019-05-16,12.5,1.02255639097744
"867",2019-05-17,4.2,1.01904761904762
"868",2019-05-18,4.3,1.00869565217391
"869",2019-05-19,0,1.04
"870",2019-05-20,10.5,1
"871",2019-05-21,13.1,1.00900900900901
"872",2019-05-22,12.6,1.02803738317757
"873",2019-05-23,13.2,1.01694915254237
"874",2019-05-24,12.7,1.03149606299213
"875",2019-05-25,7.1,1
"876",2019-05-26,11,1
"877",2019-05-27,0,1.03
"878",2019-05-28,13,1.00787401574803
"879",2019-05-29,13.3,1.02020202020202
"880",2019-05-30,7,1.03846153846154
"881",2019-05-31,12.3,1.03676470588235
"882",2019-06-01,9.4,1.00909090909091
"883",2019-06-02,13,1
"884",2019-06-03,12.3,1.02061855670103
"885",2019-06-04,12.8,1.01801801801802
"886",2019-06-05,8.9,1.01587301587302
"887",2019-06-06,0,1.04040404040404
"888",2019-06-07,3.7,1.01612903225806
"889",2019-06-08,9.3,1.01010101010101
"890",2019-06-09,4.2,1
"891",2019-06-10,0.6,1.02803738317757
"892",2019-06-11,10.7,1.01086956521739
"893",2019-06-12,13,1.02247191011236
"894",2019-06-13,12.3,1.01176470588235
"895",2019-06-14,6.1,1.00862068965517
"896",2019-06-15,12.2,1.01503759398496
"897",2019-06-16,11.1,1.02298850574713
"898",2019-06-17,12.7,1.02727272727273
"899",2019-06-18,2,1.02884615384615
"900",2019-06-19,0.9,1.01818181818182
"901",2019-06-20,6.9,1.03921568627451
"902",2019-06-21,3.4,1.02702702702703
"903",2019-06-22,13,1.01724137931034
"904",2019-06-23,12.9,1.0379746835443
"905",2019-06-24,13.6,1.00892857142857
"906",2019-06-25,13.4,1.02272727272727
"907",2019-06-26,1.1,1.04123711340206
"908",2019-06-27,3.9,1
"909",2019-06-28,2.4,1.01503759398496
"910",2019-06-29,4.1,1.01680672268908
"911",2019-06-30,5.2,1.01538461538462
"912",2019-07-01,10.9,1.00943396226415
"913",2019-07-02,11.9,1.02105263157895
"914",2019-07-03,3.3,1
"915",2019-07-04,12.7,1.02608695652174
"916",2019-07-05,11.8,1.03571428571429
"917",2019-07-06,11.8,1
"918",2019-07-07,9.8,1
"919",2019-07-08,9.3,1.04347826086957
"920",2019-07-09,7.7,1.00900900900901
"921",2019-07-10,3.1,1.00847457627119
"922",2019-07-11,0,1.03738317757009
"923",2019-07-12,7,1.02459016393443
"924",2019-07-13,4.1,1.01136363636364
"925",2019-07-14,7.8,1
"926",2019-07-15,0.1,1.01063829787234
"927",2019-07-16,4,1.03191489361702
"928",2019-07-17,1,1.02884615384615
"929",2019-07-18,3.2,1.01190476190476
"930",2019-07-19,9.8,1.01739130434783
"931",2019-07-20,1.2,1.01098901098901
"932",2019-07-21,0.6,1
"933",2019-07-22,6.1,1
"934",2019-07-23,4,1.00980392156863
"935",2019-07-24,0,1.02586206896552
"936",2019-07-25,0,1.0353982300885
"937",2019-07-26,0,1.01923076923077
"938",2019-07-27,4.7,1.00943396226415
"939",2019-07-28,0,1
"940",2019-07-29,2.6,1.03225806451613
"941",2019-07-30,1.6,1.04255319148936
"942",2019-07-31,0,1.02564102564103
"943",2019-08-01,4.9,1.00952380952381
"944",2019-08-02,8.3,1.02631578947368
"945",2019-08-03,10.6,1
"946",2019-08-04,8.6,1.01123595505618
"947",2019-08-05,11.2,1.01075268817204
"948",2019-08-06,9.9,1.01010101010101
"949",2019-08-07,1.9,1.00990099009901
"950",2019-08-08,7.5,1.01834862385321
"951",2019-08-09,10.8,1.01666666666667
"952",2019-08-10,11.6,1.01923076923077
"953",2019-08-11,9.8,1.02272727272727
"954",2019-08-12,0.3,1.04807692307692
"955",2019-08-13,7.3,1.01923076923077
"956",2019-08-14,9.2,1.03125
"957",2019-08-15,0.1,1.0253164556962
"958",2019-08-16,7.5,1.02702702702703
"959",2019-08-17,8.1,1.00884955752212
"960",2019-08-18,10.7,1.01449275362319
"961",2019-08-19,11.1,1.04347826086957
"962",2019-08-20,10.5,1.01030927835052
"963",2019-08-21,3.2,1.032
"964",2019-08-22,10.7,1.03448275862069
"965",2019-08-23,12,1.03448275862069
"966",2019-08-24,3,1.00793650793651
"967",2019-08-25,9.9,1
"968",2019-08-26,9.2,1.01769911504425
"969",2019-08-27,5.6,1.04807692307692
"970",2019-08-28,NA,1
"971",2019-08-29,4.9,1.01785714285714
"972",2019-08-30,8.8,1.06481481481481
"973",2019-08-31,12.1,1.02439024390244
"974",2019-09-01,6.9,1
"975",2019-09-02,7.4,1
"976",2019-09-03,2.9,1.02857142857143
"977",2019-09-04,1.1,1.01098901098901
"978",2019-09-05,1.5,1.01010101010101
"979",2019-09-06,0.4,1.00900900900901
"980",2019-09-07,0,1.01234567901235
"981",2019-09-08,1.4,1.01315789473684
"982",2019-09-09,2,1.01652892561983
"983",2019-09-10,1,1.04635761589404
"984",2019-09-11,6.9,1.02222222222222
"985",2019-09-12,0,1.01298701298701
"986",2019-09-13,10.9,1
"987",2019-09-14,0.2,1
"988",2019-09-15,10.6,1.01449275362319
"989",2019-09-16,9.4,1.01111111111111
"990",2019-09-17,10.6,1.03092783505155
"991",2019-09-18,11.7,1.02654867256637
"992",2019-09-19,10.2,1.02
"993",2019-09-20,1.3,1.01694915254237
"994",2019-09-21,0,1
"995",2019-09-22,0,1.02247191011236
"996",2019-09-23,9,1.00925925925926
"997",2019-09-24,11.4,1.01851851851852
"998",2019-09-25,8.8,1.03738317757009
"999",2019-09-26,8.1,1.01904761904762
"1000",2019-09-27,3.5,1.01666666666667
"1001",2019-09-28,10.1,1.0327868852459
"1002",2019-09-29,11.1,1.03030303030303
"1003",2019-09-30,10.5,1.032
"1004",2019-10-01,7.5,1
"1005",2019-10-02,0,1.06153846153846
"1006",2019-10-03,6,1.01960784313725
"1007",2019-10-04,9.9,1.02564102564103
"1008",2019-10-05,2.3,1.00952380952381
"1009",2019-10-06,9.4,1.01204819277108
"1010",2019-10-07,0,1.02727272727273
"1011",2019-10-08,10.3,1.02290076335878
"1012",2019-10-09,10.6,1.02173913043478
"1013",2019-10-10,1.1,1.01923076923077
"1014",2019-10-11,10.3,1.02479338842975
"1015",2019-10-12,10.5,1.05217391304348
"1016",2019-10-13,10.6,1.01282051282051
"1017",2019-10-14,10.1,1.02542372881356
"1018",2019-10-15,7.7,1.01587301587302
"1019",2019-10-16,9.8,1
"1020",2019-10-17,7.4,1.03418803418803
"1021",2019-10-18,8,1.04379562043796
"1022",2019-10-19,10.2,1.01680672268908
"1023",2019-10-20,9.3,1
"1024",2019-10-21,9.6,1.01869158878505
"1025",2019-10-22,9.1,1.02362204724409
"1026",2019-10-23,0.7,1.02105263157895
"1027",2019-10-24,6.6,1.05084745762712
"1028",2019-10-25,7.1,1.03937007874016
"1029",2019-10-26,8.7,1.00943396226415
"1030",2019-10-27,9.8,1.01923076923077
"1031",2019-10-28,7.3,1.03125
"1032",2019-10-29,9,1.01801801801802
"1033",2019-10-30,9.6,1.05511811023622
"1034",2019-10-31,8,1.01
"1035",2019-11-01,9.5,1.02380952380952
"1036",2019-11-02,3.3,1.03305785123967
"1037",2019-11-03,7.8,1.02564102564103
"1038",2019-11-04,9.7,1.05084745762712
"1039",2019-11-05,8,1.02521008403361
"1040",2019-11-06,7.5,1.01098901098901
"1041",2019-11-07,9.5,1.07207207207207
"1042",2019-11-08,9.7,1.01666666666667
"1043",2019-11-09,9.7,1.02654867256637
"1044",2019-11-10,3.3,1.01
"1045",2019-11-11,7.2,1.01785714285714
"1046",2019-11-12,5.7,1.02678571428571
"1047",2019-11-13,0,1.00854700854701
"1048",2019-11-14,9.7,1.01639344262295
"1049",2019-11-15,0.1,1.05232558139535
"1050",2019-11-16,5.6,1.016
"1051",2019-11-17,0,1.01052631578947
"1052",2019-11-18,8,1.02877697841727
"1053",2019-11-19,9.4,1.02189781021898
"1054",2019-11-20,9.4,1.04201680672269
"1055",2019-11-21,5.7,1.01538461538462
"1056",2019-11-22,9,1.04310344827586
"1057",2019-11-23,8,1.05172413793103
"1058",2019-11-24,1.8,1
"1059",2019-11-25,5.8,1.01941747572816
"1060",2019-11-26,7.9,1
"1061",2019-11-27,8.3,1.02830188679245
"1062",2019-11-28,9,1.01010101010101
"1063",2019-11-29,9.3,1.01652892561983
"1064",2019-11-30,5.3,1.02325581395349
"1065",2019-12-01,0,1
"1066",2019-12-02,8.8,1.00847457627119
"1067",2019-12-03,3.1,1.02678571428571
"1068",2019-12-04,8.7,1.02702702702703
"1069",2019-12-05,9.2,1.03333333333333
"1070",2019-12-06,9.3,1.01754385964912
"1071",2019-12-07,1.1,1.01834862385321
"1072",2019-12-08,8.9,1.05479452054795
"1073",2019-12-09,1.4,1.01063829787234
"1074",2019-12-10,2,1.00980392156863
"1075",2019-12-11,5.2,1.01123595505618
"1076",2019-12-12,9.1,1.02777777777778
"1077",2019-12-13,3.4,1.024
"1078",2019-12-14,8.3,1.03418803418803
"1079",2019-12-15,7.3,1.0126582278481
"1080",2019-12-16,6.6,1.01149425287356
"1081",2019-12-17,0,1
"1082",2019-12-18,8.4,1.01030927835052
"1083",2019-12-19,8.5,1.02777777777778
"1084",2019-12-20,8.9,1.00840336134454
"1085",2019-12-21,1.9,1.0531914893617
"1086",2019-12-22,5.2,1.04411764705882
"1087",2019-12-23,2.4,1.01869158878505
"1088",2019-12-24,8,1.02752293577982
"1089",2019-12-25,3.3,1.02985074626866
"1090",2019-12-26,1.3,1.03658536585366
"1091",2019-12-27,9,1
"1092",2019-12-28,5.8,1.01086956521739
"1093",2019-12-29,0,1.01333333333333
"1094",2019-12-30,0,1.02439024390244
"1095",2019-12-31,9.1,1.04301075268817
